{
  "test_type": "psychomotor_vigilance_task",
  "timestamp": "2025-07-03T22:06:57.810402",
  "trial_count": 10,
  "reaction_times_ms": [
    241.49346351623535,
    273.378849029541,
    256.4270496368408,
    272.31717109680176,
    258.11052322387695,
    321.92301750183105,
    548.2833385467529,
    242.56634712219238,
    258.1629753112793,
    292.07897186279297
  ],
  "mean_rt_ms": 296.47417068481445,
  "min_rt_ms": 241.49346351623535,
  "max_rt_ms": 548.2833385467529
}